<?xml version="1.0" encoding="UTF-8"?>
<!--
  ~ Copyright 2012 4impact, Brisbane, Australia
  ~
  ~ Licensed to the Apache Software Foundation (ASF) under one
  ~ or more contributor license agreements.  See the NOTICE file
  ~ distributed with this work for additional information
  ~ regarding copyright ownership.  The ASF licenses this file
  ~ to you under the Apache License, Version 2.0 (the
  ~ "License"); you may not use this file except in compliance
  ~ with the License.  You may obtain a copy of the License at
  ~
  ~          http://www.apache.org/licenses/LICENSE-2.0
  ~
  ~ Unless required by applicable law or agreed to in writing,
  ~ software distributed under the License is distributed on an
  ~ "AS IS" BASIS, WITHOUT WARRANTIES OR CONDITIONS OF ANY
  ~ KIND, either express or implied.  See the License for the
  ~ specific language governing permissions and limitations
  ~ under the License.
  -->

<madcow>
    <execution>
        <runner>
            <type>au.com.ps4impact.madcow.runner.webdriver.WebDriverStepRunner</type>
            <parameters>
                <!--<browser>Firefox</browser>-->
                <browser>HtmlUnit</browser>
            </parameters>
        </runner>
        <env.default>DEV</env.default>
        <parallel>false</parallel>
    </execution>

    <environments>
        <environment name="DEV">
            <invokeUrl>
                <ADDRESSBOOK>http://madcow-test.4impact.net.au:8080/madcow-test-site-2</ADDRESSBOOK>
                <CREATETABLE>http://madcow-test.4impact.net.au:8080/madcow-test-site-2/address/createTableLayout</CREATETABLE>
            </invokeUrl>
        </environment>
        <environment name="TEST">
            <invokeUrl>
                <ADDRESSBOOK>http://madcow-test.4impact.net.au:8080/madcow-test-site-2</ADDRESSBOOK>
            </invokeUrl>
        </environment>
    </environments>
</madcow>